iteration,mean_reward,episode_length,body_pos_error,body_rot_error,joint_pos_error,joint_vel_error,anchor_pos_error,anchor_rot_error,time_out,ee_body_pos_termination,surrogate_loss,fps
3994,-0.049917262,1.11000001,0.0810656771,0.246515781,0.679389358,5.62116337,0.257727832,0.0686837956,0,128.5,0.285986215,1433
3995,0.463367015,16.5599995,0.20562759,0.705439448,1.62402368,13.6589355,0.56499809,0.355300844,0,1.70833337,-0.0173606612,3378
3996,1.74810541,53.3100014,0.2071217,0.729467809,1.71263456,13.8426971,0.485000968,0.431858063,0,2.91666675,-0.0208657514,3120
3997,2.3262291,64.8799973,0.220619962,0.711531639,1.62876165,13.7040081,0.573486745,0.391424179,0,2.91666675,-0.019418465,3247
3998,2.32985115,65.6399994,0.209783718,0.719272494,1.66928983,14.8095608,0.549607217,0.372146815,0,2.5,-0.0211402103,3170
3999,2.38788128,69.6699982,0.229760155,0.730816245,1.65957105,14.6121311,0.614236414,0.314984143,0,2.25,-0.0200459324,3211
4000,2.83899951,76.9700012,0.21965985,0.726020217,1.65157533,14.6358871,0.59165591,0.333564132,0,2.375,-0.0175023824,3206
4001,2.69466281,76.4100037,0.239444345,0.755626857,1.68870199,14.2495575,0.637814999,0.409491986,0,2.125,-0.0215520486,3105
4002,3.07632089,83.6900024,0.219919145,0.708636642,1.64607334,13.8110619,0.556169033,0.336794108,0,2.16666675,-0.0228804164,2894
4003,3.16361356,87.4300003,0.231290579,0.754882038,1.62794006,14.2487249,0.59975642,0.378957689,0,2.58333349,-0.0204002094,3043
4004,3.54429531,94.1999969,0.223592073,0.711968422,1.59975755,14.9311199,0.631045699,0.356431186,0,2.20833349,-0.0219622329,3135
4005,3.72301793,98.3199997,0.236414954,0.75505197,1.60697937,14.5663443,0.684358478,0.394142866,0,1.875,-0.0205801465,3156
4006,3.43684077,92.8799973,0.227105081,0.759815574,1.61291111,14.8994474,0.57636112,0.405363411,0,2.16666675,-0.0192147829,3160
4007,3.25380373,89.9100037,0.219933361,0.705472946,1.55732822,15.0814972,0.592397332,0.365151286,0,2.20833349,-0.0169792268,3153
4008,3.74260473,98.7399979,0.225288123,0.718492746,1.58416021,14.6181717,0.614857256,0.319557518,0,2.25,-0.0175705142,3182
4009,4.0225153,105.660004,0.224212512,0.736173987,1.71535861,14.5912609,0.566822767,0.354778379,0,2.125,-0.0178814624,3250
4010,3.97417092,105.379997,0.229409859,0.718023419,1.63387775,14.2819815,0.572690606,0.342906058,0,1.875,-0.0220169183,3098
4011,4.50318003,116.540001,0.231482431,0.724039674,1.63590789,14.6636524,0.647972405,0.327135205,0,2.16666675,-0.0208529811,3123
4012,4.25818157,112.580002,0.246277422,0.753576696,1.58042383,15.1950436,0.695834816,0.313547552,0,1.45833337,-0.019690508,3170
4013,3.52526355,96.9300003,0.244935244,0.760113358,1.55138183,13.4984951,0.728563309,0.387297332,0,1.5,-0.0192606281,3177
4014,4.25898743,112.220001,0.222535938,0.720149279,1.64318848,14.509758,0.643537164,0.34621954,0.125,1.95833337,-0.0225362033,3286
4015,5.12400103,130.369995,0.234655797,0.738254726,1.5946455,15.1612263,0.713183343,0.343331814,0,1.58333337,-0.0202518106,3195
4016,4.52607489,116.599998,0.236933276,0.722256124,1.57695675,15.0944853,0.691666842,0.340218782,0.0416666679,1.79166675,-0.0194929726,3139
4017,4.77877712,119.300003,0.236995071,0.741084993,1.58890378,13.0985746,0.636557102,0.383912772,0.125,1.33333337,-0.020440273,3097
4018,5.18449688,128.720001,0.230340809,0.731656909,1.64088237,14.5440474,0.669083238,0.361325204,0,2.04166675,-0.0221934728,3190
4019,5.33983946,134.440002,0.266112924,0.817625999,1.66588593,14.6329527,0.729817867,0.398055017,0,1.79166675,-0.0203227978,3395
4020,5.89367247,143.130005,0.23402755,0.742818713,1.70034635,14.6585379,0.664966047,0.324824959,0,1.91666675,-0.0230478663,3219
4021,5.31236982,130.600006,0.225284323,0.737824321,1.65376413,14.4654922,0.702036798,0.345458269,0,1.375,-0.0220166072,3286
4022,5.51564074,138.039993,0.252957284,0.753335655,1.56552541,14.4059925,0.750269294,0.345488012,0,1.70833337,-0.0213700626,3361
4023,5.70386314,140.300003,0.248013169,0.743240833,1.60082412,15.0677357,0.750199676,0.326048136,0,1.66666675,-0.017917579,3379
4024,5.7326293,142.649994,0.22271435,0.682229221,1.4411453,14.7374678,0.686186969,0.31527403,0.166666672,1.95833337,-0.0198067743,3357
4025,5.06221104,129.419998,0.241544396,0.767617404,1.72422862,13.9236794,0.860043228,0.433686554,0,1.66666675,-0.0191408396,3242
4026,4.91742897,126.209999,0.240701526,0.76284349,1.67778909,15.5609922,0.752024591,0.361121029,0.0416666679,1.45833337,-0.0195904691,3301
4027,5.02218199,130.190002,0.253938317,0.794974685,1.60353351,13.5376692,0.794446468,0.338950992,0,1.04166675,-0.01954698,3268
4028,5.73574829,143.419998,0.215466544,0.677397192,1.51991737,14.9905005,0.718022704,0.324350744,0.208333343,1.45833337,-0.0202806685,3252
4029,5.92618847,148.050003,0.251476914,0.763477027,1.57551181,14.2868576,0.75840652,0.349079907,0,1.91666675,-0.0223956499,3281
4030,6.65966225,162.259995,0.254308313,0.7703228,1.63512182,14.2649593,0.862020016,0.340251148,0,1.66666675,-0.0218741614,3137
4031,6.98444223,169.259995,0.235453695,0.726115465,1.6114639,14.6934547,0.785611331,0.324367642,0.125,1.33333337,-0.021686729,3385
4032,7.55235577,182.649994,0.228342459,0.735934496,1.65532184,14.1464338,0.768347621,0.297843695,0.25,1.625,-0.0200344138,3376
4033,7.13953257,171.440002,0.231822938,0.682149053,1.46889639,14.1649437,0.696602225,0.294896394,0.0416666679,1.08333337,-0.0225011818,3253
4034,7.80722761,183.190002,0.213382408,0.70956552,1.6349175,13.9946747,0.582945406,0.318968624,0.0833333358,1.625,-0.0233387817,3395
4035,7.06317759,165.580002,0.220627517,0.726131558,1.55986047,15.1475811,0.673399568,0.357494354,0.291666687,1.375,-0.0204924457,3288
4036,6.55115747,156.699997,0.249068826,0.747316599,1.60077643,14.4375181,0.90298456,0.31322664,0,1.375,-0.0186229479,3241
4037,6.87037373,164.139999,0.239259839,0.746693373,1.56430387,14.1337585,0.708943248,0.362909496,0.166666672,1.29166675,-0.0211525261,3194
4038,7.43754959,175.550003,0.206243753,0.658990443,1.53335166,13.4879589,0.564248085,0.352819622,0.166666672,1.125,-0.0211776923,3238
4039,8.38232136,192.630005,0.247087538,0.708996475,1.44543302,15.8153305,0.682619095,0.300812334,0.166666672,1.375,-0.0210766327,3252
4040,8.49401283,196.130005,0.247631043,0.735533714,1.55717611,15.0320768,0.805762768,0.358432293,0.0833333358,1.5,-0.0214391109,3108
4041,8.07826805,188.009995,0.241251871,0.74055624,1.57315814,15.1955223,0.792555809,0.332212389,0.0833333358,1.29166675,-0.0210675858,3272
4042,8.09869099,186.380005,0.219183534,0.712931812,1.56479454,19.099268,0.635820508,0.325315058,0.166666672,1.04166675,-0.0205737874,3312
4043,6.92699814,163.020004,0.246411085,0.729124308,1.53828514,15.6566639,0.724538326,0.331252038,0,1.125,-0.0214794185,3087
4044,7.33804178,171.580002,0.243697405,0.711904407,1.56611633,14.4623356,0.840322971,0.303747386,0.0416666679,1.33333337,-0.0242585503,2806
4045,7.34749603,172.240005,0.259199679,0.784047484,1.50850189,14.4880505,0.871161461,0.401530921,0.0833333358,0.875,-0.0210129116,2846
4046,7.84578705,183.380005,0.23618862,0.70572871,1.55374479,13.9625378,0.76901406,0.362372816,0.208333343,1.33333337,-0.0187252704,3014
4047,9.02094555,206.520004,0.236879349,0.742873609,1.59399533,16.277359,0.626428068,0.331929266,0.0833333358,1.5,-0.0182915404,3280
4048,9.28834915,212.050003,0.237701342,0.754095197,1.60058248,16.074522,0.834865272,0.411396384,0.0833333358,1.29166675,-0.0197976641,3180
4049,8.74149513,202.559998,0.245054767,0.755468309,1.64752579,14.7422333,0.722772479,0.336753458,0.0833333358,1.875,-0.0174347609,3083
4050,9.28853893,215.75,0.231762275,0.735737026,1.5710237,14.8693657,0.740230918,0.307347924,0.125,1.04166675,-0.0220702086,3120
4051,9.29030228,214.539993,0.219098777,0.703906715,1.60579205,12.7889843,0.623414338,0.362259477,0.25,1.33333337,-0.0216986947,3415
4052,9.40109062,216.850006,0.246095046,0.728477955,1.5470742,15.6389313,0.7794348,0.28108567,0.166666672,1.08333337,-0.0198174734,3204
4053,9.60917377,218.419998,0.23512058,0.706525505,1.4560827,13.3807964,0.600901544,0.343337744,0.25,0.666666687,-0.0202968884,3359
4054,9.04848957,206.679993,0.237892866,0.687724471,1.45886135,14.3347073,0.888943672,0.314438283,0.208333343,1.125,-0.0190338939,3345
4055,8.49450684,197.130005,0.243219316,0.766352296,1.70128381,15.375494,0.990339518,0.348114222,0.0416666679,1.29166675,-0.0196160097,3289
4056,8.59577179,202.809998,0.255068064,0.764451504,1.58024812,15.2501125,0.783935726,0.373736113,0.166666672,1.45833337,-0.0192854293,3408
4057,9.10950279,212.380005,0.233636379,0.745964706,1.56178796,13.1842909,0.672648311,0.347005367,0.291666687,0.875,-0.0210410133,3242
4058,9.48201275,219.460007,0.260105044,0.78786248,1.59994268,13.991581,0.752976179,0.339999527,0.125,1.16666675,-0.0206061713,3342
4059,9.45642185,215.770004,0.237881362,0.739578128,1.49106538,14.8295002,0.736684501,0.347152472,0.166666672,1,-0.0207993072,3390
4060,9.58011246,213.979996,0.202558145,0.65866226,1.37308931,14.4046326,0.597129226,0.305673897,0.5,1.16666675,-0.0202072356,3347
4061,10.5710592,237.75,0.231603786,0.70690316,1.60241878,16.0560951,0.755379558,0.293480188,0.333333343,1.04166675,-0.020539796,3282
4062,10.48522,234.529999,0.245948434,0.7397331,1.52221906,14.4133911,0.682881474,0.354635566,0.0833333358,0.875,-0.0166157577,3123
4063,10.1180553,230.080002,0.243702099,0.719638228,1.54461133,13.7467871,0.817887962,0.314382672,0.0833333358,1.29166675,-0.0185065381,3233
4064,9.71598816,217.820007,0.222741887,0.723386467,1.590505,14.9629745,0.710641563,0.332985818,0.125,1,-0.0214755572,3240
4065,9.25021648,210.179993,0.244064018,0.751366138,1.69336009,15.9797592,0.773498952,0.286670059,0.0833333358,1.25,-0.0183569174,3385
4066,9.3091526,212.270004,0.230979845,0.714594364,1.58745563,13.4200506,0.92867583,0.305064112,0.166666672,1.25,-0.0157739259,3371
4067,9.17381477,209.389999,0.244848654,0.727704883,1.42445445,14.9321156,0.784401596,0.3590011,0.125,1.125,-0.0197127182,3235
4068,10.0268688,225.830002,0.196818382,0.64584434,1.54756379,15.4017019,0.6509884,0.2808249,0.458333343,1.08333337,-0.0201067701,3423
4069,9.94387817,228.619995,0.233026311,0.727874935,1.56590629,14.7587757,0.808375299,0.362862438,0.208333343,1.625,-0.0174638461,3251
4070,9.52601528,221.589996,0.2361269,0.716905832,1.52368879,14.8308964,0.667466879,0.321626604,0.166666672,1.04166675,-0.0153263295,3260
4071,10.0014992,230.119995,0.216027468,0.672717571,1.46192777,14.7108717,0.667435646,0.311260909,0.291666687,0.791666687,-0.0174597781,3345
4072,9.99658489,228.860001,0.220385522,0.672144651,1.54684949,14.9617252,0.605178535,0.277555048,0.25,1.04166675,-0.0181749333,3357
4073,10.5618591,237.160004,0.241828769,0.730708718,1.62770116,15.6416759,0.716831684,0.343824238,0.125,0.791666687,-0.0180101786,3477
4074,10.5213413,235.770004,0.250639796,0.730659187,1.60199571,15.2141743,0.89966315,0.336227298,0.0416666679,0.833333373,-0.0187602211,3438
4075,9.57059574,218.479996,0.248556063,0.71763885,1.54393768,14.6838408,0.941375613,0.306203306,0,1.125,-0.0170342196,3449
4076,10.8388586,241.970001,0.190210909,0.604567587,1.36715961,13.679491,0.616434991,0.26616025,0.458333343,0.958333373,-0.018263828,3295
4077,10.8416128,241.300003,0.208647013,0.670035601,1.63468778,14.6177425,0.568428874,0.25969547,0.333333343,1.08333337,-0.0183966905,3343
4078,10.9480019,241.660004,0.222418845,0.71540302,1.60848808,16.3418636,0.653802454,0.32231912,0.166666672,0.916666687,-0.0180543456,3292
4079,11.1989336,245.470001,0.243969426,0.728161454,1.45966756,15.5411177,0.810233772,0.31894967,0.0416666679,1.125,-0.0204979479,3319
4080,9.85427761,221.160004,0.255463719,0.755017281,1.59957445,14.5962372,0.796698272,0.399455369,0.0833333358,1.08333337,-0.0201508328,3205
4081,9.29177189,211.119995,0.231261462,0.736184716,1.68627298,13.1221457,0.665633023,0.418193072,0.333333343,1.29166675,-0.0196102671,3222
4082,9.83798313,222.679993,0.236911461,0.711218059,1.43581867,13.3740616,0.775636613,0.282641232,0.458333343,1.54166675,-0.0194806457,3325
4083,10.6126671,234.75,0.22630839,0.68021369,1.42234015,14.1826353,0.737743318,0.284881324,0.291666687,0.791666687,-0.0224659685,3295
4084,11.4524479,250.899994,0.215087101,0.64093715,1.40192676,13.9052353,0.758123398,0.273777843,0.375,1,-0.0240458045,3269
4085,11.5388384,252.419998,0.255276799,0.766328514,1.63249469,16.8397484,0.774174929,0.361941993,0.166666672,1.04166675,-0.0235840753,3286
4086,11.7604761,256.709991,0.225550115,0.731848598,1.56685591,14.0123777,0.673391283,0.421571255,0.333333343,1.125,-0.0206494313,3528
4087,10.9024858,241.649994,0.266166985,0.771847725,1.60878491,14.3080578,0.741489768,0.369925439,0,1.16666675,-0.0208263528,3315
4088,11.1933727,250.240005,0.183800578,0.619308829,1.49043787,15.5298252,0.577092946,0.312352359,0.541666687,1,-0.0225001816,3373
4089,11.9596024,264.809998,0.243558928,0.744748116,1.54219961,16.641716,0.690503061,0.372783273,0.333333343,0.708333373,-0.0224746149,3295
4090,11.6803942,259.350006,0.219674379,0.680163741,1.55291557,16.4148598,0.714491367,0.262952089,0.208333343,0.875,-0.0219976529,3340
4091,12.0162621,268.220001,0.255806386,0.740970314,1.5728159,14.5205364,0.737584472,0.315421164,0.25,0.958333373,-0.0194575582,3352
4092,12.3951883,273,0.194181472,0.625314534,1.48564005,15.6803741,0.597021461,0.300907016,0.541666687,0.833333373,-0.0205659904,3304
4093,12.2056074,271.899994,0.210316032,0.741640747,1.6721282,14.9670515,0.893435657,0.319705278,0.291666687,0.958333373,-0.0217818655,3322
4094,11.0564194,249.589996,0.199838281,0.657351971,1.44791257,14.5880489,0.724813163,0.272719413,0.208333343,1.08333337,-0.0189670548,3303
4095,10.8881035,246.339996,0.23490952,0.696644962,1.47017717,14.8483105,0.675670803,0.274473369,0.208333343,1.25,-0.0175144039,3306
4096,9.9309206,230.809998,0.237300858,0.749521673,1.66527736,16.2484493,0.73306036,0.339914173,0.208333343,1.08333337,-0.0201345123,3351
4097,9.86038208,226.889999,0.218086123,0.668645799,1.52769351,15.9348392,0.74605006,0.309665203,0.291666687,0.958333373,-0.0204688944,3284
4098,10.6684332,240.910004,0.229282022,0.672440529,1.37265623,13.7589779,0.810630918,0.323257327,0.291666687,1.29166675,-0.0171828773,3402
4099,11.0762138,247.119995,0.258377671,0.730421245,1.48798501,13.1159115,0.755487621,0.316688269,0.0416666679,0.708333373,-0.0200837981,3371
4100,10.9099617,241.190002,0.233068094,0.728572786,1.61290097,17.1826153,0.627536952,0.292579174,0.25,1.33333337,-0.0199224036,3377
4101,10.3073359,231.580002,0.210100651,0.722939849,1.57354712,16.1181698,0.758345127,0.282767683,0.291666687,0.833333373,-0.0173001084,3329
4102,11.3151827,250.320007,0.17090717,0.593318462,1.43239582,14.0883179,0.567929149,0.34744525,0.625,0.833333373,-0.0159085747,3385
4103,12.2052088,266.779999,0.196516871,0.623696625,1.53988874,14.0287342,0.603940248,0.234345183,0.541666687,0.625,-0.0155020561,3346
4104,13.3840055,286.839996,0.201473236,0.638118029,1.4315958,13.9471264,0.54230237,0.265496969,0.5,0.875,-0.0176807642,3434
4105,12.7888346,275.119995,0.221828684,0.754131973,1.63022232,14.1380672,0.765278578,0.288523972,0.291666687,0.583333373,-0.0171507187,3368
4106,11.9040813,259.23999,0.239243597,0.723702133,1.53113127,16.6363792,0.819380283,0.374239892,0.125,1.04166675,-0.0157442987,3311
4107,11.0561714,244.139999,0.226189882,0.724008441,1.58291602,16.4290524,0.794536948,0.326706141,0.25,0.875,-0.0159024522,3487
4108,11.0566654,243.529999,0.203834996,0.595339298,1.28873301,14.0432081,0.641989172,0.257807821,0.458333343,1.04166675,-0.0167850591,3245
4109,10.4873514,233.710007,0.217982233,0.67702508,1.54397106,14.0694761,0.704082489,0.314220726,0.291666687,0.875,-0.0194691848,3305
4110,11.0007277,244.479996,0.224157736,0.652754486,1.45030057,14.378417,0.80694592,0.286428034,0.25,0.75,-0.0149475094,3332
4111,12.6763792,275.700012,0.190545291,0.632727087,1.48419499,15.4936447,0.648753643,0.262900084,0.625,1.04166675,-0.0170560498,3303
4112,13.4015636,291.329987,0.209303707,0.665200889,1.47710443,15.0279522,0.623642564,0.25128597,0.583333373,0.708333373,-0.0181578491,3336
4113,13.7694111,299.23999,0.188729793,0.631708026,1.40879655,14.9504471,0.492084444,0.293856353,0.416666687,0.75,-0.0192741156,3338
4114,13.3171978,291.890015,0.272114098,0.816346824,1.66382635,14.1062984,0.714011192,0.395355165,0.166666672,1.08333337,-0.0215632319,3210
4115,12.4831123,274.640015,0.232235357,0.733716488,1.5571444,14.891407,0.800197303,0.345591873,0.208333343,0.958333373,-0.0200627241,3117
4116,12.2185259,267.929993,0.216631636,0.681767464,1.59271693,16.2592621,0.663466334,0.292668879,0.291666687,0.583333373,-0.0213804729,3184
4117,11.54216,254.639999,0.217057258,0.66739428,1.52173352,14.7346249,0.627964735,0.265526593,0.166666672,0.875,-0.0201451611,3332
4118,12.3132486,265.320007,0.22076273,0.704005718,1.47211397,13.4614258,0.608227372,0.335033864,0.5,0.708333373,-0.0188772455,3336
4119,12.7345343,271.829987,0.199506685,0.622784913,1.38965452,15.4750614,0.745434463,0.283230513,0.541666687,1,-0.0201073717,3470
4120,12.451005,267.049988,0.236595511,0.685817242,1.34922636,14.6030569,0.782286108,0.338653862,0.25,1.04166675,-0.0165634435,3258
4121,12.699399,275.089996,0.196783513,0.6329,1.36965346,16.3760033,0.664653778,0.284114361,0.458333343,0.625,-0.0176470652,3202
4122,12.5317545,272.130005,0.230714843,0.68753767,1.57218254,14.8529844,0.723251581,0.260386527,0.333333343,1.04166675,-0.0189440846,3367
4123,12.9297667,278.410004,0.21176967,0.640482426,1.51118231,15.0275183,0.756614208,0.2471935,0.375,0.708333373,-0.0191919431,3417
4124,12.5270329,272.779999,0.274054408,0.789667964,1.54507995,13.114006,0.849947333,0.378575414,0.125,0.791666687,-0.017360691,3431
4125,12.7799234,277.940002,0.221583575,0.652374387,1.44245124,13.8416739,0.71485877,0.284659535,0.291666687,0.833333373,-0.0158419609,3369
4126,12.2144737,265.609985,0.253870785,0.728001118,1.5268085,13.6609249,0.760864913,0.337864816,0.125,1.08333337,-0.0157749653,3308
4127,10.8942661,245.419998,0.246641979,0.773305595,1.61367011,15.8579044,0.861872911,0.362930536,0.125,1.41666675,-0.0167442933,3391
4128,10.7129936,238.089996,0.255552232,0.738836765,1.54895198,14.8062057,0.665864348,0.372371048,0.0416666679,0.875,-0.0204882156,3144
4129,10.4047194,230.380005,0.168346167,0.548148632,1.37242675,16.5823383,0.5672791,0.238724679,0.583333373,0.708333373,-0.0233250745,3264
4130,10.585022,233.600006,0.249609828,0.698574305,1.41713321,16.0002861,0.862158477,0.310615063,0.208333343,0.916666687,-0.0199983623,3402
4131,10.9419985,237.580002,0.233721703,0.74826467,1.55037344,14.585125,0.781092107,0.311336696,0.0416666679,1.16666675,-0.017807873,3437
4132,11.5808783,251.520004,0.209343717,0.713516712,1.64861727,15.2861586,0.615966678,0.346385181,0.416666687,1.33333337,-0.0217139069,3417
4133,11.7959795,255.410004,0.177968889,0.572509289,1.2756635,13.7137108,0.594696641,0.227044627,0.541666687,0.583333373,-0.02053307,3028
4134,12.173521,263.369995,0.228774294,0.686527431,1.41690516,16.2166576,0.854734421,0.266898632,0.291666687,0.875,-0.0222756322,3262
4135,12.2046185,264.25,0.233644351,0.717544258,1.46753538,14.0747051,0.770524383,0.367879093,0.125,1,-0.0219128449,3444
4136,12.0448656,258.859985,0.228248224,0.670624673,1.44227791,14.8314037,0.606953263,0.267123908,0.166666672,0.791666687,-0.0220617484,3416
4137,12.49189,268.829987,0.219735146,0.613962412,1.3279779,13.8713179,0.783432364,0.300740659,0.625,0.666666687,-0.0216199961,3453
4138,11.5985069,251.889999,0.234575436,0.702409625,1.52658129,14.6142654,0.743973255,0.339639992,0.208333343,0.958333373,-0.0179310329,3266
4139,12.148036,260.269989,0.237204164,0.715762615,1.47740495,14.186697,0.75354135,0.293316066,0.208333343,1.20833337,-0.0188655853,3413
4140,12.2024164,264.399994,0.242143035,0.721532345,1.44369352,15.1404572,0.820329666,0.310512036,0.125,0.75,-0.0192876309,3368
4141,12.7711754,275.160004,0.18967393,0.598197281,1.3627243,13.5196629,0.658499658,0.241218492,0.458333343,0.708333373,-0.0193504747,3351
4142,12.8747835,276.410004,0.214399993,0.694338799,1.53524435,14.3128204,0.724388003,0.367067754,0.416666687,0.75,-0.0205248278,3292
4143,13.1990709,282.220001,0.222030088,0.685020626,1.38829267,13.7726727,0.719631374,0.298561066,0.375,0.958333373,-0.0190757904,3295
4144,12.760848,272.529999,0.240985841,0.744574666,1.49364948,13.6950302,0.772408366,0.320403814,0.208333343,0.583333373,-0.0209661592,3217
4145,12.4013186,266.589996,0.195638776,0.65362376,1.50899625,14.1969671,0.655908108,0.30735296,0.25,0.833333373,-0.0180931743,3181
4146,12.6833153,273.579987,0.201488107,0.666026354,1.44674897,15.6015072,0.691172779,0.347337902,0.416666687,1.08333337,-0.0190030504,3288
4147,12.6547251,278.529999,0.189348727,0.578882158,1.38120687,13.7736893,0.757647514,0.256711245,0.583333373,0.708333373,-0.016128283,3314
4148,12.9430037,283.220001,0.22555773,0.724295378,1.47065663,16.4976654,0.58795774,0.363307595,0.333333343,0.833333373,-0.0180463307,3308
4149,13.3206272,290.070007,0.217913195,0.667857051,1.50603628,13.1093016,0.570892096,0.296060681,0.333333343,1,-0.0195760913,3273
4150,12.6148424,275.130005,0.227212071,0.652557731,1.41143155,15.094409,0.667947054,0.320981741,0.208333343,0.875,-0.018748872,3408
4151,12.3330927,267.369995,0.253213972,0.737770915,1.59551334,13.8834248,0.722378135,0.38213408,0.125,1.54166675,-0.0171628203,3163
4152,10.9565878,241.119995,0.251949966,0.775712371,1.56555533,14.4626417,0.75135982,0.327426285,0.0833333358,0.833333373,-0.0170088597,3358
4153,11.0093594,240.410004,0.233221099,0.678965569,1.34591293,14.0715904,0.595649004,0.30191952,0.166666672,0.666666687,-0.0192090273,3313
4154,11.2152796,244.940002,0.19745025,0.630690455,1.50556827,16.0760956,0.886300087,0.282207906,0.5,1.16666675,-0.0194573831,3291
4155,11.8421116,256.429993,0.224351332,0.684104145,1.44206285,14.8624134,0.74178046,0.348589957,0.375,0.833333373,-0.0181835573,3293
4156,11.1127825,241.710007,0.215318918,0.668485343,1.44513977,14.3603516,0.646799505,0.300284147,0.291666687,0.958333373,-0.0164171588,3361
4157,11.6539869,253.839996,0.236581683,0.703573167,1.43106532,15.6319561,0.734590054,0.347848654,0.25,1.08333337,-0.0202560015,3344
4158,11.529664,252.880005,0.222112879,0.642943323,1.35181892,15.7038221,0.6981861,0.323346496,0.291666687,0.75,-0.0195724498,3234
4159,11.6209269,257.380005,0.167638928,0.548085392,1.29091954,13.6013145,0.48727116,0.337783039,0.625,0.708333373,-0.0201771948,3275
4160,12.4347448,272.910004,0.196563348,0.591223657,1.36966014,12.2980642,0.639773309,0.262589306,0.5,0.541666687,-0.0159538947,3393
4161,12.5456753,276.480011,0.251081347,0.763004482,1.59419227,14.413702,0.764049292,0.354541034,0.208333343,1.08333337,-0.0174743384,3361
4162,12.3197336,272.01001,0.217478514,0.63449055,1.38046169,13.8374653,0.653428912,0.26847446,0.333333343,0.708333373,-0.0167642161,3295
4163,12.6498528,277.089996,0.174984381,0.604323149,1.40085721,14.6052017,0.566049278,0.288386464,0.791666687,0.5,-0.0183675345,3261
4164,12.5897284,275.459991,0.233234569,0.711460471,1.46832371,14.1816282,0.709782004,0.313273102,0.375,0.833333373,-0.0170018412,3348
4165,12.507534,277.640015,0.219582066,0.672224045,1.55230987,16.7125854,0.743465066,0.287500709,0.375,1.16666675,-0.0160381887,3348
4166,12.4643688,273.869995,0.194860026,0.615723848,1.40865016,13.8864422,0.703009307,0.341271251,0.416666687,0.958333373,-0.0187003575,3198
4167,12.7998877,282.929993,0.183013484,0.567191422,1.29904497,13.5836029,0.599243522,0.326173782,0.666666687,0.625,-0.0167908575,3235
4168,12.7718639,284.48999,0.207694918,0.686740994,1.52787149,16.2342415,0.767621279,0.33382988,0.666666687,0.875,-0.0166821256,3349
4169,12.3465757,275.230011,0.236698195,0.697201729,1.44435763,15.9533567,0.627590001,0.309876889,0.0416666679,0.875,-0.0183776598,3274
4170,12.834568,283.779999,0.213758379,0.644018769,1.41485965,14.5354176,0.691737592,0.244865656,0.458333343,1,-0.0186788794,3212
4171,13.3624964,292.690002,0.177736267,0.617797613,1.54506254,13.5919895,0.486123085,0.266458154,0.583333373,0.666666687,-0.0216194838,3330
4172,13.1040506,282.910004,0.192772776,0.631167054,1.50088477,15.0102034,0.616964459,0.295040488,0.5,0.666666687,-0.0165001564,3194
4173,13.7680397,296.459991,0.213391334,0.688927591,1.60578799,13.9217796,0.633865595,0.311773777,0.416666687,0.916666687,-0.0144291641,3256
4174,12.8788357,279.51001,0.224517614,0.694400549,1.45346677,14.2292089,0.64710933,0.306876779,0.125,1.125,-0.0147687001,3355
4175,12.387991,270.140015,0.220400304,0.696484804,1.49114025,16.1255608,0.661047697,0.344197124,0.291666687,1.125,-0.0177063793,3375
4176,12.2737856,268.98999,0.226140946,0.693653345,1.52123904,17.2600784,0.639444947,0.270915031,0.166666672,0.541666687,-0.0178054795,3344
4177,12.7454386,279.019989,0.252333015,0.747722983,1.55998874,14.9170294,0.755031765,0.398777664,0.208333343,0.958333373,-0.016696183,3298
4178,12.5590801,279.670013,0.220539033,0.686705768,1.54239631,15.0454292,0.741047561,0.278879464,0.375,1.04166675,-0.0154065909,2825
4179,12.6526442,279.589996,0.23065643,0.713304043,1.55895376,13.805377,0.808926463,0.297465146,0.375,1.20833337,-0.0184451137,3002
4180,12.1074629,269.059998,0.227390215,0.65795517,1.44105411,14.6181984,0.715638638,0.344215095,0.208333343,0.791666687,-0.0166802984,3183
4181,12.1883659,269.5,0.213264465,0.638102055,1.53188848,15.226656,0.54132539,0.22278288,0.625,0.666666687,-0.016533969,3316
4182,11.2176619,247.240005,0.264433026,0.742956161,1.60185909,13.5438614,0.657770991,0.282033324,0.166666672,0.583333373,-0.0175356921,3368
4183,11.1960783,245.979996,0.180555463,0.61576277,1.45969951,18.7541733,0.602667928,0.302938163,0.375,0.916666687,-0.0181044731,3327
4184,11.1025734,245.789993,0.208802819,0.677013338,1.4965682,14.9983549,0.645980239,0.258202493,0.333333343,0.458333343,-0.0202862062,3398
4185,11.9543266,263.790009,0.222202629,0.682859838,1.47693729,15.1096287,0.729505897,0.289612234,0.208333343,1.08333337,-0.021367684,3154
4186,12.4762478,274.350006,0.199158475,0.636678636,1.48551536,16.2167511,0.820741177,0.270177901,0.5,0.75,-0.0220532157,3301
4187,13.4578152,294.600006,0.211189449,0.646622062,1.39539218,13.8302078,0.696353376,0.33594799,0.541666687,0.833333373,-0.0196997356,3328
4188,13.6729698,296.140015,0.187738389,0.655007958,1.58852148,15.4589682,0.588222504,0.317602217,0.416666687,0.875,-0.0191639476,3016
4189,13.0325756,280.779999,0.199714422,0.631536722,1.41775262,14.8223019,0.719164968,0.232541963,0.541666687,0.833333373,-0.0175587423,3255
4190,12.2994337,266.230011,0.242897123,0.733008265,1.44483185,15.0093908,0.650553942,0.365593404,0.416666687,1.04166675,-0.0192275904,3300
4191,12.7347279,274.670013,0.159875497,0.531300187,1.2894206,12.6820784,0.463787317,0.181511924,0.791666687,0.666666687,-0.016440209,3328
4192,12.5090694,269.399994,0.202240795,0.633464634,1.41089046,14.1345434,0.712644279,0.280581355,0.25,0.958333373,-0.0187002961,3380
4193,13.0718203,282.390015,0.182128698,0.587665617,1.39013278,14.1889019,0.595675468,0.22874704,0.541666687,0.333333343,-0.0166147351,3369
4194,12.9041605,281.25,0.256229043,0.755616546,1.57449722,15.9095945,0.740225196,0.323806226,0.166666672,0.875,-0.0166368186,3187
4195,13.2298861,288.059998,0.174624607,0.558804512,1.29284787,14.6900282,0.5950858,0.281657398,0.5,0.666666687,-0.0175165273,3102
4196,13.9514799,300.369995,0.164817572,0.52177161,1.28524041,13.5265522,0.491639942,0.18831116,0.833333373,0.75,-0.0196913145,2920
4197,13.3233891,286.850006,0.233669564,0.702517986,1.50814605,15.8091507,0.779039741,0.344808906,0.208333343,1.16666675,-0.020470053,3197
4198,13.0509748,284.209991,0.213794038,0.657680511,1.44665456,15.5493698,0.730741382,0.302216262,0.291666687,1.125,-0.022195898,3057
4199,11.8726006,262.040009,0.211195618,0.713736057,1.56524312,15.3133831,0.55270195,0.411592811,0.625,1.5,-0.0197141841,3143
4200,11.6154108,256.73999,0.204886183,0.647518992,1.46601093,15.3207912,0.70164746,0.258775204,0.416666687,0.791666687,-0.0188716128,3063
4201,11.6569424,259.51001,0.233459413,0.704469681,1.53579843,14.515543,0.701916218,0.3108477,0.25,0.916666687,-0.0184523668,2974
4202,11.2414751,249.350006,0.222052857,0.762493074,1.62723804,15.2574444,0.643272996,0.358514786,0.25,1.08333337,-0.0197396483,3115
4203,10.3367596,231.800003,0.239477262,0.75912559,1.6724596,15.267993,0.63636142,0.337263674,0.0833333358,1.33333337,-0.0169891063,2805
4204,10.1149483,229.080002,0.17137143,0.557815075,1.47595012,13.3024359,0.521731973,0.196354747,0.583333373,0.5,-0.0187240895,3325
4205,9.88241959,223.800003,0.205102056,0.644019186,1.57923734,16.8385086,0.592306972,0.339500606,0.166666672,1.29166675,-0.0206670407,3277
4206,10.8526411,242.850006,0.189133093,0.632460356,1.46975362,15.1448936,0.593490183,0.273642123,0.5,0.708333373,-0.0200521462,2970
4207,11.9872723,265.899994,0.220913693,0.714992046,1.4230336,14.3208752,0.74690026,0.34441638,0.291666687,0.5,-0.0192799587,3201
4208,12.2250204,269.809998,0.186481699,0.624415994,1.44094121,17.0783997,0.751005173,0.257153213,0.25,1.04166675,-0.0166960433,3344
4209,11.5471573,255.779999,0.241329238,0.746070564,1.70217645,17.3165665,0.693581104,0.325629264,0.166666672,1.33333337,-0.0206054542,3447
4210,11.7197771,257.470001,0.186716259,0.609116077,1.40975094,14.5701885,0.570838988,0.246975705,0.291666687,0.541666687,-0.0182230156,3355
4211,11.6513586,255.880005,0.224627793,0.701697946,1.53952789,14.8020821,0.770552993,0.354996204,0.375,1.16666675,-0.0238912571,3290
4212,11.8286762,256.220001,0.211284518,0.646102667,1.36018074,16.3621025,0.791499257,0.277634829,0.208333343,1.08333337,-0.0222313162,3317
4213,12.493475,270.75,0.220933005,0.699186921,1.54612255,15.8960295,0.733426988,0.327729821,0.25,0.875,-0.0220242087,3249
4214,13.4406176,290.01001,0.194664955,0.647900462,1.50350785,13.1588926,0.677079678,0.306113243,0.583333373,0.875,-0.0212018136,3256
4215,13.1651287,280.75,0.194381163,0.603812993,1.39666152,13.1228104,0.597822607,0.273486674,0.458333343,0.708333373,-0.0210036524,3191
4216,13.272398,282.76001,0.187526554,0.60803479,1.40795636,14.592308,0.65880233,0.325606316,0.791666687,0.791666687,-0.0201838929,3354
4217,13.2690706,282.730011,0.188041687,0.611638725,1.52904975,15.8952694,0.492837787,0.24223727,0.541666687,0.958333373,-0.0185330976,3401
4218,12.9061174,274.809998,0.203991339,0.665065706,1.46481895,14.189827,0.590218544,0.337638617,0.5,0.875,-0.0209069289,3334
4219,12.5175276,265.589996,0.190578699,0.576008081,1.28118742,14.3925419,0.596174955,0.248419091,0.375,0.666666687,-0.0181641914,3358
4220,12.8868456,274.950012,0.159781083,0.586956143,1.45638943,19.3739433,0.533159614,0.235867858,0.541666687,0.666666687,-0.0167487916,3481
4221,13.7664652,292.859985,0.215851516,0.663576007,1.54654312,14.2336073,0.666787088,0.290060908,0.416666687,0.541666687,-0.0198895633,3040
4222,14.1554661,301.600006,0.111968204,0.443454742,1.2480731,16.1772137,0.358997047,0.200655758,0.791666687,0.583333373,-0.0205871072,3364
4223,14.7876511,314.98999,0.195074141,0.600373983,1.39645994,15.336504,0.700445414,0.296372235,0.375,0.541666687,-0.0218070075,3424
4224,15.7287121,333.440002,0.192582533,0.629992664,1.55175912,16.5309868,0.584164739,0.301499724,0.541666687,0.833333373,-0.0222606063,3362
4225,15.4152355,329.619995,0.178685069,0.611560345,1.55665624,12.9158115,0.570519686,0.36849159,0.416666687,0.833333373,-0.0211751647,3374
4226,14.5182838,317.640015,0.221445918,0.692605674,1.56050873,15.7781219,0.647119403,0.29960525,0.333333343,0.958333373,-0.0197009351,3270
4227,14.8028488,321.619995,0.179851979,0.642785847,1.53842998,14.6718969,0.511405468,0.366006941,0.625,0.625,-0.0213375501,3238
4228,13.9635191,306.290009,0.197969064,0.651344657,1.49693084,16.5788784,0.58111459,0.269887209,0.458333343,0.791666687,-0.0211298633,3235
4229,15.2108755,328.880005,0.178985476,0.615337789,1.46202445,14.8204002,0.66498363,0.298212111,0.625,0.541666687,-0.0205929596,3273
4230,14.800128,318.73999,0.236448765,0.73042202,1.56378603,15.010704,0.66876477,0.344595492,0.416666687,0.875,-0.024447985,3347
4231,14.3145132,309.26001,0.229370713,0.689924896,1.56996131,13.9395599,0.676036716,0.279762357,0.125,0.833333373,-0.0213044118,3334
4232,14.4218607,311.059998,0.185852766,0.650537729,1.51645315,11.9821234,0.747027874,0.255074739,0.375,0.625,-0.0209829435,3514
4233,13.8777561,300.230011,0.205097601,0.651472092,1.52443492,14.2498245,0.769830704,0.268204778,0.416666687,1.04166675,-0.0207376201,3321
4234,13.4816208,292.540009,0.23043105,0.708702743,1.52416468,13.659339,0.86216116,0.37584877,0.166666672,0.625,-0.0223679151,3383
4235,13.4691505,293.540009,0.19990468,0.643627048,1.47177148,16.0107765,0.634674847,0.25889492,0.458333343,0.916666687,-0.0189188179,3291
4236,13.9221277,304.130005,0.197386891,0.639043927,1.48191929,15.8550367,0.586347282,0.285351455,0.333333343,1.16666675,-0.0168802645,3250
4237,14.3310566,311.549988,0.162086427,0.561971068,1.31965923,15.163559,0.478960931,0.276773393,0.791666687,0.875,-0.0198444631,3240
4238,14.1853533,308.51001,0.217432544,0.668766856,1.46270061,12.9689884,0.700889111,0.273571432,0.208333343,0.916666687,-0.0183032975,3109
4239,13.6876783,298.570007,0.226806909,0.676306427,1.45789814,14.3548107,0.812429786,0.255610704,0.291666687,0.625,-0.0183847528,3372
4240,13.2296515,289.609985,0.254324734,0.764671803,1.54385257,14.2776909,0.710928798,0.399975151,0.0833333358,0.833333373,-0.0189740397,3438
4241,12.4272156,275.429993,0.231379479,0.676753402,1.52900791,15.4664373,0.774320126,0.295102179,0.25,1.04166675,-0.0192821026,3218
4242,11.6976814,261.410004,0.238994628,0.703923464,1.64634418,13.9106522,0.759411812,0.2647807,0.25,0.916666687,-0.0183362029,3353
4243,12.1790276,269.820007,0.186135083,0.604382038,1.36774242,12.7580776,0.444542378,0.292411298,0.458333343,0.833333373,-0.0168372057,3351
4244,11.5108786,256.809998,0.185752556,0.592450321,1.37776351,14.88486,0.559482813,0.321599782,0.416666687,0.625,-0.019923009,3232
4245,12.0008507,265.359985,0.176599592,0.576467395,1.37064123,15.0617695,0.697439194,0.272075713,0.5,0.625,-0.0185404662,3301
4246,12.7451916,276.329987,0.231751725,0.642070055,1.30524254,13.550621,0.707752109,0.277812541,0.291666687,0.5,-0.0180791933,3368
4247,14.2437954,303.779999,0.194514558,0.621667624,1.39760303,14.1608658,0.646552324,0.273679584,0.666666687,0.875,-0.0208843499,3228
4248,14.8809843,319.450012,0.176832005,0.581290305,1.33352602,13.936058,0.618155718,0.281387061,0.708333373,0.75,-0.0189485122,3242
4249,14.8509331,316.339996,0.202844739,0.633496404,1.4832859,13.594265,0.69507283,0.296942115,0.458333343,0.5,-0.0171662588,3323
4250,13.8754625,298.529999,0.215462416,0.659095407,1.37702465,15.276351,0.666500449,0.319125533,0.333333343,1.41666675,-0.0180510897,3337
4251,12.7281141,276.619995,0.211708754,0.673300922,1.54057884,15.1426306,0.655399859,0.303860009,0.416666687,1.16666675,-0.0190267023,3239
4252,12.9822445,275.429993,0.201087028,0.645725727,1.38248158,16.2094193,0.624817371,0.311384022,0.375,0.791666687,-0.0199002549,3283
4253,12.8933868,274.630005,0.247456193,0.705784559,1.48286188,16.0795441,0.821757436,0.291395783,0.125,0.916666687,-0.0169211403,3219
4254,12.9129944,275.970001,0.216162056,0.687401652,1.45445192,15.3525,0.543788671,0.270531893,0.25,0.791666687,-0.0183646735,3438
4255,13.8284588,295.029999,0.251867771,0.847000301,1.66393733,15.0698004,0.843556106,0.453241706,0.333333343,0.75,-0.019422261,3396
4256,13.9494934,299.390015,0.167013213,0.522922814,1.2353797,12.8353605,0.632248342,0.180253923,0.625,0.708333373,-0.0178523157,3327
4257,13.8442307,299.570007,0.191484302,0.687737107,1.55452776,14.7736616,0.652312756,0.29817155,0.458333343,0.791666687,-0.0195198543,3360
4258,13.8155022,298.470001,0.200352132,0.666673422,1.44762695,15.1091766,0.544074297,0.274991035,0.375,1.20833337,-0.0229333267,3333
4259,13.5960331,292.869995,0.254141152,0.834890068,1.66217995,15.0777645,0.795701385,0.409627527,0.166666672,1,-0.0194039661,3334
4260,12.8260899,279.23999,0.236267373,0.739196181,1.60443687,14.3724041,0.754131734,0.367811143,0.0833333358,0.916666687,-0.0183259938,3259
4261,12.4828339,270.829987,0.244039536,0.756740749,1.63878369,16.0868263,0.675457478,0.359300375,0.208333343,0.458333343,-0.0152767012,3280
4262,12.8208866,277.040009,0.16571945,0.551373243,1.28543508,13.0315762,0.574303746,0.311966836,0.458333343,0.416666687,-0.0174329747,3380
4263,13.485961,288.959991,0.178853065,0.521614313,1.18936396,15.0659008,0.639734685,0.189066693,0.5,0.625,-0.0186647177,3394
4264,13.7938271,297.73999,0.235538289,0.720280766,1.55206716,13.945097,0.807894707,0.303763896,0.25,1.04166675,-0.0168163627,3311
4265,14.6936655,312.350006,0.175263435,0.52908653,1.21860242,12.4454451,0.559667051,0.238110825,0.5,0.875,-0.0210507028,3351
4266,15.2291298,322.279999,0.175525099,0.562217712,1.25365305,14.6528845,0.564221978,0.262563676,0.333333343,0.833333373,-0.0227907021,3325
4267,15.2708588,318.149994,0.181954592,0.560947716,1.32786596,14.4330387,0.936690509,0.208309382,0.458333343,0.666666687,-0.0225952491,3337
4268,14.9624901,315.850006,0.223978624,0.651480198,1.56429529,16.9990654,1.01816487,0.233837485,0.541666687,0.708333373,-0.0216849688,3226
4269,14.3624878,301.640015,0.210526094,0.66394484,1.41632366,13.9831572,0.579612195,0.344353139,0.458333343,1.33333337,-0.0205075052,3242
4270,13.6873255,290.940002,0.223662585,0.715582848,1.59075761,15.5754576,0.708397567,0.335215181,0.416666687,1.20833337,-0.0204487424,3285
4271,14.7753706,314.130005,0.151443332,0.530959964,1.37291038,14.1882305,0.513111711,0.219245136,1.16666675,0.25,-0.0167194325,3251
4272,14.4877529,310.630005,0.144511193,0.475982279,1.16807485,13.4130001,0.43194136,0.227673054,0.625,0.541666687,-0.0177464634,3425
4273,14.0468054,299.809998,0.242541119,0.754174829,1.43591309,14.047554,0.679180145,0.409132898,0.291666687,0.708333373,-0.0181180425,3405
4274,14.3875055,308.109985,0.198938891,0.629162192,1.40002322,14.0056133,0.707888544,0.309774995,0.541666687,0.875,-0.0177095979,3263
4275,13.9483967,299.649994,0.220128059,0.70791626,1.45758474,15.2383604,0.54271102,0.363416374,0.416666687,0.625,-0.0179278105,3430
4276,13.8416729,297.359985,0.167283937,0.584074914,1.47124267,13.5507841,0.596193671,0.226798415,0.625,0.833333373,-0.015273313,3332
4277,13.0360327,281.170013,0.218284786,0.650090635,1.41833353,14.4521255,0.623148322,0.292146802,0.291666687,0.958333373,-0.0196282174,3359
4278,12.5848894,268.869995,0.220388472,0.702617288,1.53370118,15.5757017,0.628222823,0.333510101,0.375,1.125,-0.0175958611,3208
4279,13.044138,277.420013,0.231912494,0.759606719,1.57932794,15.1112709,0.741397262,0.446950495,0.291666687,0.541666687,-0.0188813917,3254
4280,13.1914291,278.829987,0.175409615,0.595926523,1.46380663,13.7723465,0.619271934,0.237088606,0.708333373,0.791666687,-0.021049967,3267
4281,13.4954214,284.820007,0.206848472,0.614133537,1.26046753,14.7903852,0.583559036,0.286118507,0.375,0.375,-0.0223590825,3320
4282,13.3045912,280.619995,0.202194378,0.654704034,1.40637827,14.5728674,0.612299263,0.309292048,0.333333343,0.666666687,-0.0228515975,3184
4283,14.4778404,307.769989,0.213240311,0.69529295,1.5313983,14.0277977,0.739268899,0.284428656,0.416666687,0.583333373,-0.0210256279,3232
4284,14.0220137,296.320007,0.196768135,0.652326107,1.4415797,14.3596706,0.6294837,0.295887381,0.541666687,0.833333373,-0.0212243497,3239
4285,13.5834637,287.029999,0.213111445,0.602295101,1.34910619,15.1848516,0.777971685,0.199635923,0.458333343,0.625,-0.0215605963,3332
4286,13.5648031,284.929993,0.224866986,0.667879224,1.55251575,15.5285511,0.610979676,0.229526848,0.291666687,0.916666687,-0.0186111238,3467
4287,12.8953829,271.369995,0.230059952,0.714765429,1.59495008,15.2681122,0.731161058,0.276322126,0.333333343,1.29166675,-0.0210689325,3271
4288,12.5729465,263.700012,0.19847995,0.619430542,1.39576149,14.481493,0.625037968,0.268555343,0.416666687,0.875,-0.019105427,3197
4289,11.7364225,250.960007,0.230820149,0.732285976,1.57885873,14.4689426,0.674883246,0.331739783,0.375,1.16666675,-0.0174608603,3219
4290,11.9942007,258.559998,0.191039547,0.641890287,1.47163606,13.1741896,0.666875243,0.28640303,0.333333343,0.916666687,-0.018038718,3162
4291,11.8923864,255.789993,0.203377932,0.631373644,1.46843421,13.2409925,0.791851997,0.313514978,0.375,0.583333373,-0.0150526101,3168
4292,12.5603619,271.630005,0.159282282,0.534427524,1.27202392,13.2980881,0.591414511,0.279769689,0.625,0.416666687,-0.0158060305,3164
4293,11.7998314,254.289993,0.265277237,0.848305166,1.75797653,15.9419279,0.798420608,0.369763076,0.0416666679,1.08333337,-0.0177355651,3243
4294,12.1859827,262.01001,0.197255,0.652376294,1.51337433,15.2934875,0.479468584,0.270650566,0.375,0.666666687,-0.0188964698,3242
4295,12.4187584,266.220001,0.169028088,0.56561017,1.42025518,12.7177,0.427869916,0.266030371,0.541666687,0.75,-0.0185169112,3218
4296,12.8700953,277.320007,0.208399713,0.604716301,1.38634872,14.5681791,0.694256663,0.304378092,0.5,1,-0.0193400383,3248
4297,13.1095839,282.76001,0.223499343,0.712131917,1.67272842,13.2456436,0.70695895,0.235819072,0.375,0.75,-0.0230754483,3215
4298,13.7707596,295.290009,0.182758421,0.555292308,1.2217083,14.6379776,0.588452339,0.273541063,0.458333343,0.875,-0.0205941182,3085
4299,14.4030476,306.48999,0.196206391,0.626358986,1.43159235,14.1165047,0.625140846,0.237565443,0.541666687,1.04166675,-0.0199450795,3103
4300,14.1396904,300.450012,0.205736682,0.658290565,1.25950193,13.7903013,0.59948957,0.305962443,0.291666687,0.708333373,-0.0181854349,3214
4301,13.4809618,285.149994,0.205159903,0.582550943,1.20990038,12.7435036,0.704071045,0.245125145,0.458333343,0.791666687,-0.0201361589,2856
4302,13.9809799,291.959991,0.151316166,0.473384976,1.25267065,12.1593275,0.559782684,0.22960636,0.583333373,0.541666687,-0.0180406626,2984
4303,14.1312695,294.910004,0.172462866,0.592528284,1.35236204,14.2990131,0.502871633,0.265847981,0.708333373,0.916666687,-0.021042008,2968
4304,14.3241358,297.160004,0.192456961,0.593280673,1.26218235,13.9631805,0.593078971,0.21817866,0.458333343,0.666666687,-0.0191134047,3310
4305,14.6523895,303.709991,0.168337688,0.562001824,1.297791,14.7342138,0.569533944,0.24700436,0.375,0.875,-0.0152644878,3465
4306,13.9028997,291.190002,0.216095656,0.729744911,1.48186064,14.9110947,0.764404953,0.355816066,0.0833333358,0.916666687,-0.0221650526,2896
4307,13.9022226,292.230011,0.20430319,0.642224848,1.45019364,14.2348328,0.66885674,0.338510364,0.666666687,1.16666675,-0.0200670026,3374
4308,13.4549856,285.049988,0.169843882,0.577759862,1.44064736,14.3334789,0.57571578,0.251098841,0.541666687,0.666666687,-0.0182154514,3391
4309,13.3887348,285.609985,0.236029714,0.723589122,1.59609258,13.7880888,0.78347367,0.405123234,0.416666687,0.666666687,-0.0189310573,3242
4310,13.0885878,281.470001,0.238834023,0.648439229,1.30924022,15.5154972,0.730325878,0.304773897,0.25,0.625,-0.0191966388,3081
4311,13.0163364,277.980011,0.228235304,0.691676974,1.48019886,15.1549053,0.797804236,0.274041116,0.291666687,0.666666687,-0.0190626644,3184
4312,13.6353998,287.839996,0.200453371,0.637717009,1.33193052,13.565136,0.752381027,0.315197349,0.5,0.75,-0.0167094357,3240
4313,13.8632717,291.76001,0.201464862,0.610471487,1.41619396,12.4160309,0.594729602,0.253082722,0.541666687,1.08333337,-0.0164470859,3169
4314,12.3739786,261.48999,0.210818231,0.641086936,1.29334104,13.0580959,0.736505449,0.294990957,0.25,1.04166675,-0.016541183,3206
4315,13.2604399,281.980011,0.204014808,0.648985803,1.57867944,14.3128042,0.713374138,0.203590497,0.333333343,0.833333373,-0.0175914057,3304
4316,13.3967476,280.869995,0.246194005,0.720754802,1.42299056,14.0074291,0.77030921,0.273848832,0.208333343,0.916666687,-0.0173868816,3442
4317,13.5618629,280.640015,0.145262152,0.583461642,1.47581625,14.7310743,0.612760603,0.207801864,0.708333373,0.708333373,-0.0166882668,3239
4318,14.670126,301.450012,0.194667459,0.614671409,1.39045906,15.3459682,0.629270136,0.270048618,0.666666687,0.875,-0.0183783919,3242
4319,14.9937134,305.73999,0.18011415,0.548917949,1.17797184,12.9163809,0.507454276,0.268604159,0.333333343,0.708333373,-0.0199017189,3321
4320,14.9269981,304.149994,0.16813761,0.547804594,1.32979226,13.3754644,0.585254788,0.214940161,0.666666687,0.791666687,-0.0189286675,3313
4321,14.8027773,306.350006,0.193460971,0.586983204,1.27746749,13.7356472,0.820578277,0.25774312,0.375,0.625,-0.0169386808,3187
4322,14.3814287,297.910004,0.201270461,0.581489086,1.29260731,14.9661312,0.616615057,0.238868237,0.416666687,1.08333337,-0.0198241398,3355
4323,13.3601513,281.220001,0.15437986,0.604849219,1.41453111,14.8896637,0.533371985,0.228996262,0.583333373,0.708333373,-0.0209795032,3362
4324,13.5880232,285.970001,0.218516678,0.67406863,1.41056013,13.7304897,0.639113486,0.293266684,0.333333343,0.708333373,-0.0188295748,3373
4325,14.0780773,294.109985,0.213119537,0.689568639,1.474509,19.7883682,0.67294991,0.348551214,0.333333343,0.583333373,-0.016360702,3316
4326,14.3135853,297.440002,0.13340041,0.441185325,1.07998753,12.4586439,0.388209194,0.210435599,0.833333373,0.708333373,-0.0204801019,3341
4327,13.904336,291.570007,0.171020672,0.583850861,1.44710994,16.0254402,0.573157966,0.26392138,0.5,0.666666687,-0.0180207454,3508
4328,14.5251865,303.809998,0.177840471,0.623018861,1.40283203,14.7663412,0.765682101,0.268597662,0.583333373,0.625,-0.0193154719,3166
4329,15.0884666,315.519989,0.168036208,0.566495776,1.32564807,12.0151215,0.522857606,0.24184148,0.375,0.541666687,-0.0199227687,3396
4330,15.0245895,316.019989,0.166342735,0.534326434,1.30039716,12.3850422,0.526689291,0.231138855,0.625,0.875,-0.0184425656,3379
4331,15.1645155,322.200012,0.184020862,0.593729377,1.33959365,14.2600784,0.713119864,0.248294979,0.375,1.04166675,-0.0195423793,3284
4332,14.6635561,313.200012,0.198673606,0.62261188,1.40357721,13.9887686,0.641599298,0.252044857,0.541666687,0.833333373,-0.0168351382,3344
4333,13.6272154,291.720001,0.22961548,0.67768085,1.45864177,14.5930634,0.720197856,0.278640747,0.291666687,0.916666687,-0.0155875795,3169
4334,13.9934263,296.100006,0.220499039,0.676984191,1.50856161,15.6864223,0.784394622,0.317798585,0.541666687,0.708333373,-0.0165079534,3278
4335,13.832984,291.200012,0.182426542,0.551420391,1.27176189,13.9869518,0.572719038,0.27109763,0.5,0.583333373,-0.0178856738,3394
4336,14.2456045,295.809998,0.189488277,0.63892138,1.42524958,16.045311,0.529791176,0.268289447,0.416666687,1,-0.0153100593,3426
4337,14.5393343,301.429993,0.155027017,0.611613095,1.5042944,13.8805809,0.507385671,0.24331677,1,0.791666687,-0.0161801204,3460
4338,14.0466576,294.970001,0.206082329,0.671719074,1.48445606,13.8439999,0.680881262,0.313434511,0.5,1.04166675,-0.0198994838,3330
4339,13.6799164,285.570007,0.192786187,0.615972161,1.40221691,14.4227934,0.517137468,0.269173801,0.416666687,0.791666687,-0.0195040144,3382
4340,13.6264133,286.440002,0.199755594,0.628551245,1.39740419,14.8094816,0.589866638,0.288035572,0.25,0.875,-0.0190221667,3306
4341,13.840601,290.190002,0.201525182,0.728224933,1.53076208,14.4665489,0.604523063,0.369370878,0.458333343,0.833333373,-0.0173667707,3271
4342,13.6256256,286.160004,0.245745271,0.735354185,1.64556265,14.132309,0.787433326,0.288240016,0.166666672,1.04166675,-0.0180804972,3410
4343,13.1919632,279.859985,0.203846842,0.681315601,1.52966249,15.1631651,0.621437788,0.289621323,0.208333343,1.08333337,-0.0184324794,3201
4344,13.5466175,288.429993,0.211037934,0.628170848,1.28138471,16.3380108,0.744954586,0.291540563,0.333333343,0.75,-0.0174159165,3122
4345,14.1010838,296.98999,0.230751812,0.635572433,1.42334461,14.4067516,0.653085589,0.313566446,0.333333343,0.625,-0.0200192202,2791
4346,13.4721966,285.519989,0.221791148,0.642025113,1.38152444,15.3882093,0.611094117,0.253752172,0.291666687,0.75,-0.0190095771,2842
4347,13.5595732,284.200012,0.200577468,0.72363627,1.56152475,15.4613075,0.676940799,0.27136144,0.5,0.833333373,-0.0186885372,3329
4348,13.4970884,283.109985,0.214432895,0.644175947,1.44367778,14.2845669,0.489355266,0.310307354,0.208333343,1,-0.0178261008,3488
4349,13.8057604,288.790009,0.205388591,0.680499732,1.58294559,16.2046967,0.627922654,0.296369761,0.625,0.708333373,-0.0173762925,3382
4350,13.0557995,276.579987,0.193018347,0.671851575,1.60823035,18.2024288,0.611923933,0.26614517,0.541666687,0.625,-0.0200714618,3263
4351,13.4897385,282.980011,0.216228813,0.668278098,1.51278853,12.6549683,0.536555171,0.373528481,0.5,0.791666687,-0.019799713,3266
4352,13.9732389,294.619995,0.204954594,0.706146121,1.65693069,18.2894135,0.684937835,0.325603008,0.291666687,0.791666687,-0.0186032765,3388
4353,15.0912857,314.390015,0.168648943,0.553033292,1.3731854,14.385745,0.587409258,0.249563873,0.666666687,0.666666687,-0.0166404974,3384
4354,15.2022514,313.579987,0.177329481,0.57029295,1.38583922,14.8195143,0.569040596,0.273802221,0.541666687,0.583333373,-0.0179589931,3457
4355,15.4660196,317.76001,0.168630958,0.612081468,1.48939395,13.2419357,0.502605498,0.267822027,0.458333343,0.833333373,-0.020767808,3395
4356,15.5678492,320.619995,0.178333193,0.612793326,1.52788377,14.6842842,0.564888179,0.283827364,0.541666687,0.583333373,-0.0184059944,3425
4357,14.7172556,302.049988,0.203422233,0.667564869,1.32953131,12.8871975,0.715837657,0.367038131,0.5,0.958333373,-0.0187983643,3321
4358,14.2466431,294.450012,0.230886206,0.644007564,1.36155701,16.2116623,0.863565147,0.303700864,0.125,0.75,-0.0186589863,2777
4359,14.525526,297.579987,0.191511184,0.633482635,1.41116357,12.7056808,0.545806348,0.270184278,0.458333343,0.375,-0.0191894863,2853
4360,14.0463076,288.049988,0.222259089,0.673602939,1.36544657,15.6139479,0.758197784,0.281690478,0.5,0.708333373,-0.0212203246,2902
4361,14.4026251,293.549988,0.163980335,0.57648629,1.3947382,14.32621,0.490912378,0.283293664,0.666666687,0.458333343,-0.0201504212,2913
4362,15.4513779,313.48999,0.203569055,0.608036041,1.22308731,13.1844177,0.731418788,0.267534107,0.458333343,0.5,-0.0177625734,3268
4363,15.3767319,312.600006,0.202388749,0.645899296,1.3774662,14.1084547,0.572415709,0.210177645,0.291666687,0.833333373,-0.0180609208,3432
4364,15.5638065,321.059998,0.203182399,0.662934244,1.5964483,14.213871,0.614398599,0.364741981,0.583333373,0.958333373,-0.0185187496,3324
4365,16.4509678,339.910004,0.168363839,0.548924923,1.29700589,12.6011581,0.52737236,0.234080777,0.708333373,0.833333373,-0.0174302645,3362
4366,15.4557514,321.929993,0.201846689,0.638548672,1.42415309,17.1708565,0.662913203,0.258352995,0.291666687,0.583333373,-0.0201843567,3420
4367,15.1632423,318.209991,0.185473055,0.599127829,1.38085985,13.765564,0.593637466,0.269205064,0.5,1.125,-0.0202801265,3361
4368,15.1259041,316.779999,0.180850789,0.596008718,1.3643713,13.840167,0.482987821,0.175851628,0.416666687,0.833333373,-0.0206037965,3433
4369,14.7181969,310.600006,0.236184403,0.670650005,1.40058756,15.0099545,0.849188209,0.266610593,0.166666672,0.708333373,-0.0160166584,3355
4370,14.6373568,306.470001,0.175148889,0.559576929,1.33907747,13.5201721,0.645737767,0.258051395,0.5,0.833333373,-0.0174099952,3476
4371,14.3102732,297.390015,0.224556744,0.614679635,1.25384545,14.0955992,0.588936985,0.320178926,0.291666687,0.666666687,-0.0203863345,3418
4372,13.6175652,285.329987,0.201242134,0.666064203,1.45503986,15.923625,0.738602757,0.280993223,0.333333343,1.04166675,-0.0166290849,3394
4373,13.5794601,284.079987,0.221745178,0.744241893,1.5458473,16.5901089,0.65170455,0.332441956,0.208333343,0.666666687,-0.0222959053,3305
4374,13.8487692,290.570007,0.222628713,0.714492202,1.49458361,14.6044922,0.603987038,0.388751119,0.541666687,0.541666687,-0.017696457,3395
4375,13.8793135,288.730011,0.20382987,0.679482639,1.50149524,13.8439484,0.60550946,0.290359378,0.375,0.916666687,-0.0198442452,3342
4376,13.6698771,282.73999,0.157967538,0.568603933,1.37147141,14.9509563,0.475251377,0.305357933,0.541666687,0.833333373,-0.0162189715,3322
4377,13.4896202,280.059998,0.154941663,0.482021809,1.12328577,14.3662033,0.482852459,0.216602787,0.458333343,0.708333373,-0.0183232334,3322
4378,14.0247116,286.75,0.187667042,0.634031713,1.3974303,14.8271971,0.584737837,0.276853085,0.375,0.833333373,-0.017845558,3254
4379,13.5278225,276.850006,0.241416186,0.74651134,1.59915447,16.0391312,0.751616478,0.440840662,0.0833333358,0.875,-0.0188427065,3357
4380,13.9338255,288.619995,0.229632884,0.704332113,1.52796936,16.1111259,0.734960318,0.35130915,0.416666687,0.583333373,-0.018702114,3411
4381,13.9770699,289.100006,0.196221471,0.613823354,1.31601512,14.8849754,0.526957452,0.285300136,0.458333343,0.958333373,-0.0214618333,3352
4382,14.6846247,302.339996,0.20506227,0.629722834,1.37118471,14.8256302,0.862949073,0.278138638,0.583333373,0.875,-0.0224801358,3378
4383,15.1336212,312.420013,0.175217122,0.575245023,1.3973701,13.6814365,0.576355994,0.241470695,0.666666687,0.5,-0.0198873095,3368
4384,14.6970654,298.779999,0.197263286,0.644398928,1.44238985,13.0516243,0.628435493,0.266173244,0.291666687,1.41666675,-0.0177983474,3340
4385,14.9214478,300.890015,0.171397135,0.561934412,1.27999556,12.8787594,0.567066193,0.254545927,0.583333373,0.75,-0.0152302505,3178
4386,15.8681717,317.98999,0.204443485,0.649341464,1.44464588,17.7419548,0.667577624,0.286649525,0.25,0.791666687,-0.018652549,3308
4387,15.2492352,306.540009,0.204827726,0.624126375,1.37372279,14.9011135,0.725351214,0.283915162,0.458333343,1.08333337,-0.0170094669,3354
4388,15.184145,309.440002,0.212419793,0.713493109,1.60618722,15.4209137,0.752823114,0.326000661,0.25,0.833333373,-0.0181769449,3375
4389,14.725481,302.720001,0.163624302,0.611995041,1.37490034,13.8866692,0.575305879,0.301441789,0.375,0.666666687,-0.0190078616,3351
4390,12.9678078,273.429993,0.220773429,0.709725022,1.50149703,13.6567287,0.800433576,0.340218723,0.458333343,1.45833337,-0.0187717993,3369
4391,13.3162384,279.959991,0.167593405,0.581244707,1.3596133,16.1143036,0.540437341,0.262182921,0.375,0.583333373,-0.0218464285,3381
4392,13.5157642,282.410004,0.18552199,0.657559991,1.63368821,15.0511856,0.511911094,0.316075832,0.541666687,1,-0.0196244624,3436
4393,13.5067034,281.279999,0.145682424,0.529537916,1.26964474,14.1456671,0.409944952,0.253605247,0.583333373,0.291666687,-0.0191734266,3409
4394,13.8698092,288.709991,0.224586934,0.653390646,1.33848023,14.1365852,0.720661998,0.30055663,0.333333343,0.708333373,-0.0218930431,3605
4395,14.1174383,292.649994,0.182489306,0.600895643,1.3319447,13.7156057,0.539004743,0.271466494,0.625,0.875,-0.0205449127,3536
4396,15.4563131,319.730011,0.168558806,0.55025661,1.26192641,14.5554256,0.644425213,0.254418612,0.666666687,0.833333373,-0.0188063141,3327
4397,14.5781708,303.820007,0.214065135,0.658534706,1.3927002,15.2781553,0.697799861,0.331206739,0.416666687,1,-0.0184966084,3368
4398,14.0187931,291.619995,0.220760912,0.639361322,1.37603223,14.5772724,0.650216341,0.2914415,0.25,0.875,-0.0189984161,3363
4399,14.1180353,293.690002,0.194498092,0.655337095,1.45697355,13.9059811,0.710669696,0.31469664,0.291666687,1.04166675,-0.0185333528,3359
4400,13.7287254,285.929993,0.205143854,0.610813975,1.34894121,14.3930111,0.677730083,0.248618707,0.25,1.04166675,-0.0147563154,3377
4401,13.689805,282.350006,0.162892327,0.570887446,1.38325381,14.8175039,0.542509437,0.256682843,0.916666687,1.04166675,-0.0185968205,3344
4402,14.5152426,297.049988,0.189180836,0.590740561,1.35700679,16.4581223,0.586294413,0.33774361,0.458333343,0.708333373,-0.0185701828,3317
4403,15.4633045,310.579987,0.141853034,0.476039499,1.24342847,11.9530897,0.443303466,0.217558607,0.666666687,0.625,-0.0183687098,3390
4404,15.2866011,309.609985,0.234917849,0.713049412,1.60538948,15.0697851,0.843236387,0.332165956,0.208333343,1.20833337,-0.0184482653,3348
4405,14.7445564,299.929993,0.191055983,0.594667435,1.39581442,13.0456619,0.635350108,0.276625603,0.541666687,0.666666687,-0.0186281726,3247
4406,14.4394579,297.130005,0.200255752,0.617740631,1.39588141,15.7391844,0.704085946,0.288991421,0.333333343,1,-0.0194769185,3340
4407,15.2214861,313.100006,0.152530611,0.549991071,1.31946063,14.5429487,0.529432178,0.230671555,0.75,0.666666687,-0.0170599706,3424
4408,14.588686,303.279999,0.168674797,0.590799868,1.38901997,14.0068493,0.59073633,0.274739116,0.625,1.04166675,-0.0184375513,3456
4409,14.6965513,306.140015,0.172439978,0.534655571,1.20902395,13.949564,0.500636935,0.23496148,0.5,0.458333343,-0.0165281706,3464
4410,14.9508915,310.269989,0.208426446,0.67819488,1.55889368,17.9425354,0.843677044,0.262252629,0.291666687,1.08333337,-0.0191160385,3374
4411,14.787179,307.709991,0.143960774,0.506860554,1.24590671,12.0211744,0.494885206,0.240519851,0.875,0.458333343,-0.0196063817,3369
4412,14.2160854,295.190002,0.22213158,0.695867002,1.43126428,15.2548399,0.743169069,0.323409379,0.25,0.833333373,-0.0181748644,3328
4413,14.3773298,298.600006,0.176484942,0.629915774,1.40454388,14.1755171,0.473733753,0.35027045,0.666666687,0.958333373,-0.0169348903,3320
4414,13.8089647,288.600006,0.230007172,0.706430137,1.61063218,15.7633743,0.795017481,0.315619737,0.208333343,1.58333337,-0.0193639137,3395
4415,14.1690989,295.720001,0.183481365,0.609893739,1.48649538,17.9933205,0.497238606,0.300529629,0.583333373,0.416666687,-0.0179909263,3410
4416,13.8188086,288.109985,0.211851999,0.641668975,1.45485711,14.4948654,0.589312196,0.31948036,0.25,1.45833337,-0.0179945119,3468
4417,14.2409906,298.320007,0.200984567,0.62469542,1.38982606,14.6964521,0.755288005,0.266460896,0.458333343,1.04166675,-0.0193167888,3304
4418,14.8905334,310.970001,0.15426527,0.525409698,1.247015,13.0078487,0.557763755,0.223713562,0.666666687,0.541666687,-0.0221768208,3323
4419,14.9602156,308.470001,0.197571754,0.589016438,1.34475636,13.2033606,0.567496121,0.237594306,0.291666687,0.833333373,-0.0177466366,3458
4420,14.9389696,305.109985,0.231639326,0.74004817,1.53575039,14.553957,0.694568157,0.37755689,0.166666672,0.791666687,-0.01749558,3367
4421,14.8213615,306.440002,0.201545149,0.641945004,1.33081722,14.1075802,0.66829586,0.291758478,0.375,0.833333373,-0.0208595134,3482
4422,15.4161396,315.25,0.190689862,0.592909336,1.34365773,16.0471001,0.50669831,0.255287766,0.708333373,0.916666687,-0.0189521126,3345
4423,15.2871265,309.179993,0.184063405,0.626565635,1.38978899,15.3818846,0.570237756,0.280945867,0.458333343,0.75,-0.0206399243,3259
4424,15.3719301,315.130005,0.197743356,0.677669048,1.45910645,16.8065395,0.579117954,0.286524951,0.291666687,0.875,-0.0171441976,3316
4425,14.9145374,308.170013,0.180444643,0.652789354,1.4805305,15.3215714,0.478289425,0.360081047,0.375,0.75,-0.0184980091,3441
4426,14.9069786,304.899994,0.204055876,0.64121151,1.39571691,17.2895603,0.556535184,0.245115563,0.208333343,0.916666687,-0.0182881039,3472
4427,13.7605457,286.100006,0.191023812,0.662431419,1.45782793,16.2274628,0.568567276,0.328428686,0.583333373,0.958333373,-0.0176044721,3287
4428,13.3124704,278.970001,0.177166581,0.591990471,1.4786967,14.566062,0.591712356,0.284076154,0.416666687,0.708333373,-0.01757445,3480
4429,13.9752197,291.859985,0.189021289,0.604323745,1.36981964,14.8706646,0.726713121,0.269744784,0.458333343,0.791666687,-0.0178361796,3320
4430,14.6937504,303.450012,0.172596574,0.576221585,1.38264275,14.5029507,0.521718264,0.236269876,0.541666687,0.708333373,-0.0203860793,3271
4431,15.0087872,309.679993,0.181372926,0.556035936,1.28711998,13.8013601,0.597858608,0.243228674,0.375,0.708333373,-0.0174638778,3289
4432,15.4216089,316.070007,0.175155371,0.58930558,1.36014843,14.4655333,0.506161273,0.247850224,0.5,0.666666687,-0.0174901783,3419
4433,15.0925894,310.76001,0.196291089,0.648084641,1.38817573,18.084446,0.651700675,0.264537424,0.25,0.916666687,-0.0180185195,3395
4434,14.6446695,302.570007,0.205699131,0.652655005,1.51651645,13.4546032,0.606403947,0.330543786,0.5,0.666666687,-0.0173641108,3330
4435,14.1057463,293.730011,0.157736927,0.51518321,1.26723337,16.0426521,0.497137189,0.247758359,0.666666687,0.541666687,-0.0169544518,3355
4436,13.9614048,291.140015,0.22019206,0.651515961,1.31571245,14.0728626,0.747975588,0.31335485,0.291666687,0.458333343,-0.0156854279,3382
4437,14.4828672,300.429993,0.206453368,0.694896936,1.52900732,16.3825722,0.537183464,0.357071251,0.416666687,1.20833337,-0.0169170592,3028
4438,14.8302851,305.600006,0.165332437,0.518687069,1.15415382,12.7217922,0.526732922,0.226028368,0.666666687,0.458333343,-0.0187094435,3136
4439,15.7172222,323.609985,0.199465871,0.645131946,1.36922073,16.0294456,0.827016294,0.31102559,0.5,0.5,-0.0180663411,3292
4440,16.4382381,334.369995,0.212595984,0.627996325,1.38642299,14.0499992,0.709640861,0.328442246,0.333333343,0.791666687,-0.0169305932,3026
4441,15.7100315,320.040009,0.190102458,0.619089723,1.3071208,14.6481123,0.577024937,0.252413988,0.25,0.875,-0.0182951689,3226
4442,14.4065542,299.920013,0.21998021,0.641508222,1.38479805,14.4285269,0.566676855,0.295501053,0.333333343,1.08333337,-0.0192361213,3282
4443,14.7468309,302.829987,0.19422552,0.605126023,1.3318274,14.2223358,0.576973438,0.231690735,0.375,1,-0.0188723933,3311
4444,14.1225395,290.959991,0.182533666,0.553756595,1.25841749,14.3042831,0.64016217,0.258871257,0.541666687,0.708333373,-0.0188334994,3250
4445,14.1109867,286.51001,0.17227608,0.561693072,1.30382276,14.0776367,0.544645727,0.26329869,0.666666687,0.583333373,-0.0176775996,3083
4446,14.7539864,298.380005,0.214376897,0.653448761,1.45972157,14.9935255,0.588607788,0.210698783,0.333333343,1.16666675,-0.0189916156,3187
4447,15.0811224,303.929993,0.190947339,0.671544194,1.48262024,16.9758148,0.494507283,0.281122029,0.416666687,0.958333373,-0.0201760512,3297
4448,14.8872242,302.75,0.202132434,0.636864722,1.38079453,14.5829906,0.689145803,0.274372339,0.583333373,0.875,-0.0190597661,3413
4449,14.8009129,304.109985,0.187053382,0.65684098,1.42917728,13.5871811,0.518850505,0.284458756,0.291666687,0.75,-0.017731756,3120
4450,14.4406595,299.75,0.218292654,0.650006592,1.36471558,13.1159306,0.574694753,0.263645947,0.291666687,0.833333373,-0.0200910848,3225
4451,15.0333567,310.51001,0.177624494,0.557840168,1.30189419,13.8467407,0.611618876,0.260200024,0.666666687,0.666666687,-0.0182147212,3317
4452,15.1966524,310.839996,0.144857824,0.495559752,1.23068166,13.2408094,0.533961535,0.208416209,0.75,0.583333373,-0.0169690475,3211
4453,15.0809517,308.73999,0.227472514,0.681675375,1.4478004,16.9975777,0.741049647,0.2953825,0.166666672,0.583333373,-0.0196208134,3189
4454,14.8276711,302.140015,0.210968897,0.591591239,1.31324553,13.7352295,0.691586852,0.287921131,0.291666687,0.75,-0.0215399116,3176
4455,14.7682066,300.26001,0.208762631,0.64438194,1.39960325,13.914053,0.615676165,0.294259667,0.375,0.958333373,-0.0185970925,3021
4456,15.5066166,314.070007,0.209421679,0.651667476,1.44586611,13.4365005,0.573179722,0.357425809,0.291666687,0.583333373,-0.0161146633,3282
4457,15.4050112,312.73999,0.188287646,0.571653366,1.28930438,14.4284039,0.648314893,0.233387977,0.5,0.583333373,-0.0166495275,3298
4458,15.2488117,309.709991,0.126436397,0.500832677,1.24440145,15.195652,0.473257154,0.195042059,0.791666687,0.208333343,-0.0198418591,3431
4459,15.8521128,321.149994,0.15148589,0.486493677,1.13175905,13.8916044,0.59848237,0.256993383,0.625,0.625,-0.0182659142,3361
4460,16.4190025,334.179993,0.179414332,0.586178005,1.25413382,14.7330885,0.562031627,0.263869226,0.583333373,0.791666687,-0.0182048846,3309
4461,16.8476562,343,0.224623546,0.711157739,1.54798985,15.1070518,0.617775559,0.352191925,0.5,0.75,-0.0180580057,3208
4462,16.2818012,333.459991,0.194761485,0.613174796,1.40105748,13.5943756,0.76697433,0.254410952,0.5,0.958333373,-0.0179451313,3334
4463,16.4147587,336.640015,0.15863964,0.541534305,1.34233594,13.8147469,0.4450441,0.215280294,0.708333373,0.875,-0.0190888289,3327
4464,16.9722996,345.679993,0.145926714,0.518837869,1.29028761,13.6847248,0.46906966,0.200008973,0.458333343,0.875,-0.0177925117,3299
4465,16.0566864,325.470001,0.190038964,0.620804965,1.45872593,15.7797575,0.618662596,0.280386209,0.458333343,0.875,-0.0175810475,3304
4466,16.0736485,324.299988,0.199910864,0.633130789,1.34835279,15.4331589,0.719804943,0.266697168,0.208333343,0.791666687,-0.0154708195,3377
4467,16.4098625,328.209991,0.190714926,0.605157554,1.37048137,14.8945599,0.60368216,0.241128728,0.583333373,0.75,-0.0155388406,3469
4468,15.6220608,313.950012,0.163901627,0.550205648,1.35566843,13.1052303,0.491633296,0.273198009,0.458333343,0.333333343,-0.0156568736,3414
4469,14.694664,296.140015,0.17894122,0.592716217,1.37159514,13.2925749,0.530905128,0.248737618,0.416666687,0.625,-0.0184120908,3201
4470,15.3924656,307.970001,0.16272296,0.53711772,1.29240251,12.0615063,0.516494036,0.243117854,0.666666687,0.625,-0.0134420544,3152
4471,16.1209869,323.700012,0.201977253,0.618020236,1.43092442,17.1246567,0.499929667,0.265478194,0.666666687,1,-0.0152414991,3447
4472,16.3436356,331.359985,0.198120087,0.587616324,1.25991321,13.9186535,0.509542942,0.252799302,0.5,0.916666687,-0.0183821209,3370
4473,16.4726562,333.970001,0.18451497,0.62558192,1.43626499,15.7179165,0.756419539,0.314939797,0.5,0.666666687,-0.0168750528,3455
4474,15.6816826,320.470001,0.210379452,0.589891076,1.2881602,14.0509071,0.743894935,0.295754552,0.25,0.708333373,-0.0198474303,3462
4475,15.1590939,312.369995,0.188931257,0.556916833,1.27249658,14.3748655,0.544369578,0.286184132,0.416666687,0.291666687,-0.0169472788,3477
4476,15.4019451,319.089996,0.153513387,0.491490364,1.24013114,12.0616608,0.438282192,0.234335035,0.708333373,0.333333343,-0.0203674026,3266
4477,14.8936844,310.25,0.180116385,0.561733723,1.31535649,13.8984528,0.692837358,0.217134148,0.5,0.791666687,-0.0188106932,3314
4478,14.961215,309.970001,0.196750343,0.639990628,1.49099708,14.9632521,0.584863901,0.360103816,0.375,0.75,-0.016969027,3261
4479,15.696126,324.089996,0.18181096,0.612440228,1.41620672,15.6458387,0.531027079,0.327270806,0.5,0.625,-0.0186403282,3336
4480,15.9009256,327.040009,0.181607664,0.624488473,1.52689004,14.2872725,0.526243925,0.245520085,0.5,0.708333373,-0.019670954,3182
4481,15.8200722,323.529999,0.184581682,0.616107464,1.37543011,18.1000938,0.642717779,0.254503936,0.208333343,0.708333373,-0.0185731221,3351
4482,15.6720886,320.950012,0.17191574,0.556024075,1.31424713,15.3400059,0.541384101,0.234593436,0.5,0.791666687,-0.0179224294,3321
4483,15.6395073,319.040009,0.176196069,0.554431617,1.25482202,14.006793,0.576450765,0.197468445,0.5,0.75,-0.0180360973,3387
4484,15.3753948,315.309998,0.171712488,0.59511894,1.50326419,16.2237129,0.504368961,0.212056339,0.541666687,0.666666687,-0.0177016202,3274
4485,16.011013,324.779999,0.18067047,0.589220822,1.42819667,16.8504868,0.569425106,0.2063912,0.416666687,0.666666687,-0.0161802713,3329
4486,17.4021015,348.380005,0.143848464,0.490155876,1.25589585,13.9377699,0.492366254,0.228645608,1.16666675,0.791666687,-0.0170221757,3366
4487,17.4762993,349.98999,0.172271594,0.538539767,1.17102122,13.4305,0.64665246,0.256119937,0.541666687,0.666666687,-0.017696593,3402
4488,17.1968727,344.429993,0.170710176,0.588355541,1.32731986,13.7010422,0.468264669,0.25773567,0.75,0.75,-0.0176976509,3451
4489,16.1308556,324.359985,0.198269412,0.648433805,1.43860221,15.0300903,0.817422867,0.268213958,0.291666687,0.583333373,-0.0185301844,3441
4490,16.0066338,320.48999,0.184142083,0.591136754,1.47130203,14.0581608,0.563729763,0.26416117,0.416666687,0.875,-0.0172730349,3321
4491,15.9538984,323.179993,0.114890121,0.44299221,1.3904357,13.6022606,0.387009144,0.239848346,0.916666687,0.5,-0.0150290653,3214
4492,16.292654,327.320007,0.171306372,0.549244702,1.27128017,14.5654583,0.611957431,0.247784421,0.625,0.583333373,-0.0179199949,3379
4493,16.439127,330.140015,0.213012308,0.737125635,1.52937222,14.1010771,0.532854855,0.435638368,0.416666687,0.833333373,-0.0185276773,3337
